{
  "G": {
    "value": 6.67430e-11,
    "unit": "m^3/(kg*s^2)",
    "source": "JPL DE440"
  },
  "c": {
    "value": 299792458,
    "unit": "m/s"
  },
  "AU": {
    "value_m": 149597870700,
    "value_km": 149597870.7,
    "source": "IAU 2012"
  },
  "GM_sun": {
    "value_km3_s2": 132712440041.279419,
    "value_m3_s2": 1.32712440041279419e+20,
    "source": "JPL DE440"
  },
  "obliquity_J2000_deg": 23.439291111,
  "J2000_JD": 2451545.0,
  "julian_century_days": 36525,
  "julian_year_days": 365.25,
  "solar_radius_km": 695700,
  "solar_mass_kg": 1.98892e+30,
  "unit_conversions": {
    "AU_to_m": 149597870700,
    "AU_to_km": 149597870.7,
    "day_to_seconds": 86400,
    "deg_to_rad": 0.017453292519943295,
    "rad_to_deg": 57.29577951308232,
    "earth_radius_km": 6378.14
  },
  "simulation": {
    "AU_SCALE": 10,
    "PLANET_SCALE_FACTOR": 0.0001,
    "SUN_SCALE_FACTOR": 0.00005
  }
}
